gender,name,display_name,bio,favorites_count,followers_count,list_memberships,tweets_retweets_count,following_count,acct_created,location
f,b'BijalPTrivedi',b'Bijal P Trivedi',"b'Science journalist, author of Breath from Salt, former Pro-Am Ballroom competitor'",0,7,1,1,5,2020-09-08 21:43:21,b'Washington DC'
m,b'AbeMusselman',b'Abe Musselman',b'Science writer and science reader. SHERP 39. How do we put planet Earth back together?',180,34,1,23,83,2020-03-09 23:00:23,b''
f,b'casey_crownhart',b'CaseyCrownhart',"b'Reader, writer, plant mom \xf0\x9f\x8c\xb1 SHERP 39'",169,58,1,60,154,2019-10-27 16:36:49,b''
m,b'raorr108',b'Rahul Rao',"b'Freelance journalist, science writer, and some rando with a keyboard | SHERP 38'",14,59,3,4,40,2019-10-22 14:53:57,b'NYC'
f,b'Anu__Dave',b'Anu',b'Science and technology writer | #sherp38 @nyuniversity\xe2\x80\x9920 | MS #bioethics @mcgillu | #AAJA + #SAJA',210,258,2,51,332,2019-10-06 17:55:45,b'NYC via Canada \xf0\x9f\x87\xa8\xf0\x9f\x87\xa6 '
m,b'CurtisSegarra',b'Curtis K Segarra (CKSegarra)',"b'Science journalism intern @ScienceNews and editor @scienceline, previously @News_O_Matic | photography | NYU SHERP | He/him'",17,173,1,77,726,2019-09-10 20:12:01,"b'Albuquerque, NM'"
f,b'CorrynWetzel',b'Corryn Wetzel',b'Science journalist | SHERP 38',197,107,3,63,194,2019-09-10 18:30:07,"b'Brooklyn, NY'"
f,b'MManoylov',b'MK Manoylov',b'Editorial intern for @theblock__ | Cryptocurrency reporter | Wrote health pieces for @thisisinsider | SHERP 38 | they/them',91,88,1,63,138,2019-09-06 21:12:42,"b'Georgia, USA'"
m,b'LetoSapunar',b'Leto Sapunar',"b'Freelance science journalist, Fellowship reporter @insideclimate, Former intern @RetractionWatch, and NYU SHERP graduate student. BS Physics. Mountain man.'",253,103,1,35,144,2019-09-06 03:53:20,b''
f,b'AnnaGoshua',b'Anna Goshua',b'SHERP 39 @NYUniversity. Medical student @StanfordMed. Aro Ace. She/her. Writer. \xf0\x9f\x87\xa8\xf0\x9f\x87\xa6',3293,330,4,631,233,2018-09-15 16:36:47,b'Sheltering in place '
f,b'donavyncoffey',b'donavyn',b'science journalist | bylines @medscape @PopSci | SHERP37 |',361,163,3,79,379,2018-05-06 02:47:07,"b'Manhattan, NY'"
f,b'SciSophie',b'Sophie Rowland',b'Science Writer | Microbiologist | Sourdough Starter Mom\nshe/her',17780,158,3,351,796,2018-02-02 21:40:42,"b'Boston, MA'"
n,b'Tara_Santora',b'Tara Santora (they/them)',b'freelance science journalist | fiction writer | fellow @FatherlyHQ  |  bylines @sciam @undarkmag @audubonsociety etc. | they/them \xf0\x9f\x8f\xb3\xef\xb8\x8f\xe2\x80\x8d\xf0\x9f\x8c\x88',6770,1002,14,1339,1707,2018-02-02 14:36:07,"b'Aurora, CO'"
f,b'RebeccaSohn2',b'Rebecca Sohn',"b'Freelance science journalist, poet, and amateur fiddler. Formerly intern at @CalMatters #SHERP @nyujournalism'",1041,154,4,117,466,2018-01-15 19:23:30,"b'New York, NY'"
f,b'KruppLexi',b'Lexi Krupp',b'Reporter @IPRNewsRadio. Covering science and environment. Stories in @sciencevs \xf0\x9f\x94\x8e @audubonsociety \xf0\x9f\xa6\x9c @popsci \xf0\x9f\xa7\xaa etc. She/Her \xf0\x9f\x8f\xb3\xef\xb8\x8f\xe2\x80\x8d\xf0\x9f\x8c\x88 BLM',1037,387,3,263,1080,2017-08-31 17:46:07,b'Anishinaabe land'
f,b'chloewilliamscc',b'Chloe Williams',"b'Science journalist, outdoor enthusiast | past bylines @Spectrum, @hakaimagazine, @YaleE360, @PopSci, etc | Assistant Online Editor @PsychToday | SHERP 36'",490,232,4,211,723,2017-08-29 23:14:15,"b'Edmonton, Alberta'"
f,b'lauren_leffer',b'Lauren Leffer',b'NYU SHERP 39 / Former Bug Scientist/ Current Science Journalist / Pay me to write stuff (please)!',317,73,1,160,436,2017-08-28 21:09:30,"b'Brooklyn, New York'"
f,b'thisisAimeeC',b'Aimee Cunningham',"b'Health and biomedical reporter @ScienceNews. Wondering how to hike, hug trees, smell flowers and type words at the same time.'",1855,179,13,920,216,2017-07-27 15:11:36,"b'Washington, DC'"
f,b'_e_delger',b'Delger Erdenesanaa',"b'science writing @nyu_journalism, environment & development editing @worldresources, she/her'",646,257,4,159,537,2017-07-26 16:42:21,"b'Washington, DC'"
f,b'Durfees_Law',b'Nell',b'Science teacher. Lapsed writer. \nBlack Lives Matter. \nShe/Her.',32699,208,2,396,2452,2017-01-26 02:48:14,b''
f,b'jaromeo282',b'Jess Romeo',"b'Science writer with a passion for musicals, pirates, and The Princess Bride | #SHERP37 | she/her | words in @Popsci, @JSTOR_Daily | associate editor @scholastic'",1909,278,2,525,1235,2017-01-21 22:57:19,b''
f,b'elana_spivack',b'Spookily distant Elana',b'SHERP 39 \xe2\x80\xa2 published in @ladyxscience @BitchMedia @hey_alma etc \xe2\x80\xa2 sometimes funny @mcsweeneys @Reductress @The_Belladonnas @pointsincase \xe2\x80\xa2 she/her',6173,482,2,1258,1097,2017-01-02 15:36:17,b'NYCish'
m,b'NikoMcCarty',b'Niko McCarty',"b'Science journalist, #dataviz, synthetic biologist. Current: SHERP @nyuniversity. Prev: @Caltech + @ImperialCollege + Iowa. #SynBio weekly: https://t.co/RTPsNLJBtI'",4020,703,11,1013,572,2016-11-19 03:03:29,b'New York'
f,b'leslie_nemo',b'Leslie Nemo',b'Science journalist covering culture and environment | contributor @DiscoverMag | Read my work @sciam @CityLab @undarkmag @TheAtlantic and elsewhere | she/her',5677,574,16,1020,495,2016-09-07 18:07:48,b'Michigan'
m,b'HarrisonTasoff',b'Harrison Tasoff',"b'Science writer with a background in math and logic. Always learning, always exploring, always sharing.'",116,237,14,368,91,2016-09-02 16:42:20,b''
m,b'DanRobitzski',b'Dan Robitzski',b'Staff Reporter at @futurism Covering Science and Tech. Freelancer Elsewhere. Epee Fencer. Pokemon Master. Streaming with @trashedbros.',30159,1291,38,8177,735,2016-09-01 23:02:27,b''
m,b'SkepticalRanger',b'Mark Kaufman',b'Science Reporter @mashable | Park ranger turned journalist | Tweets expressly mine | mkaufman@mashable.com',1229,1275,63,445,624,2016-06-14 12:43:20,b''
m,b'ethanpfreedman',b'Ethan Freedman',"b'Science journalist, birder, \xf0\x9f\xa5\x96\xf0\x9f\x8c\xba\xf0\x9f\x90\x8b. NYU SHERP 39. He/Him, Opinions = Mine'",464,135,4,702,657,2016-06-12 21:52:25,"b'Brooklyn, NY'"
f,b'jackieappel',b'Jackie Appel',"b""I'm trying to be on here more""",1652,73,1,84,165,2016-06-07 20:29:10,b''
f,b'ykarenkwon',b'Karen Kwon',b'she/her \xe2\x80\xa2 freelance science writer \xe2\x80\xa2 @nyu_journalism #SHERP39 \xe2\x80\xa2 before: 2020 @aaasmassmedia fellow at @sciam + phd from @chemcolumbia \xe2\x80\xa2 korean in nyc',1871,571,12,826,1736,2016-05-20 20:55:08,"b'New York, NY'"
m,b'willsullivan94',b'Will Sullivan',"b'Science journalist. Occasional music critic. Find me in @novapbs, @wburartery, @soundofboston. Swarthmore College \xe2\x80\x9817. He/him.'",372,138,3,197,402,2016-05-05 17:52:52,"b'Washington, DC'"
f,b'anika_hazra',b'Anika Hazra',b'Science Communicator | Toronto/Chicago/Ottawa | Conservation Communications Coordinator @cpaws | Views are my own',1,20,2,1,26,2016-01-11 01:59:14,"b'Ottawa, ON'"
f,b'CiciZhang15',b'Cici Zhang',b'Science reporter | @nyu_journalism #SHERP | Words in @cenmag @undarkmag @ESTBLSHMNT @PopSci @Scholastic | RTs \xe2\x89\xa0 endorsements',3170,628,33,2048,608,2015-12-01 02:12:45,b'on my way to which-hunting'
f,b'KAHamalainen',b'Karina Hamalainen',"b'Editor on Scholastic MATH and Scholastic ART magazines. Reader, writer, and math, science, and art loving nerd. Opinions expressed here are mine.'",179,191,4,144,255,2015-10-05 19:46:40,"b'New York, NY'"
f,b'AbigailFagan14',b'Abigail Fagan',"b'Associate editor at @psychtoday | Writing in @sciam, @TheCut, @dailytonic, @Spectrum, and others | NYU Journalism #SHERP35'",208,372,13,220,523,2015-09-12 20:49:31,"b'Manhattan, NY'"
m,b'mekoziol',b'Michael Koziol',"b'Associate Editor @IEEESpectrum, SHERP 34, TrainWatcher Extraordinaire, Human-Cyborg relations, Friends with all dinosaurs.'",2192,344,14,1935,356,2015-09-06 23:46:21,b''
f,b'DyaniSabin',b'Dyani Sabin',"b'Science Journalist, SHERP 34, Obie, equestrian, reader of sci-fi, formerly video intern @sciam, Innovations @inversedotcom'",3082,634,11,2529,360,2015-09-03 22:31:35,b''
f,b'KnvulS',b'Knvul Sheikh',"b""Science & health reporter | Bylines in @NYTimes, @TheAtlantic, @AudubonMag, @SciAm & others | Confusing you with the silent 'n' in my name  \xf0\x9f\x87\xba\xf0\x9f\x87\xb8\xf0\x9f\x87\xb8\xf0\x9f\x87\xac\xf0\x9f\x87\xb5\xf0\x9f\x87\xb0\xf0\x9f\x8c\x8e""",1219,2247,92,1711,1044,2015-09-02 19:49:55,"b'New York, NY'"
m,b'RyanFMandelbaum',b'ryan',b'im like a bird\nill only fly away\ni dont know where my soul is\ni dont know where my home is\n(they/them/birds/quantum/writing @qiskit and elsewhere/opinions mine)',67575,7835,179,9026,1938,2015-09-01 18:13:02,"b'New York, USA'"
f,b'shirapolan',b'Shira Polan',b'',68,107,4,211,260,2015-09-01 21:34:17,b''
f,b'sandyong_yx',b'Sandy Ong',b'Science journalist who CSI-ed | Stories and sounds in @TheAtlantic @WiredUK @IEEESpectrum @bbc5live & others | #SHERP alum',208,901,22,383,1908,2015-08-11 05:20:05,b'Singapore via NYC and London'
f,b'JenMonnier',b'Jen Monnier',"b'Freelance science journalist\xf0\x9f\x94\x8e as seen in @SciAm, @CityLab, @hakaimagazine | Producer of @TWC_pod | Pls subscribe to your local paper. she/her'",2792,1655,27,821,1670,2015-06-08 01:35:38,"b'Seattle, WA'"
m,b'ahanGW',b'Andrew P. Han',"b'Staff reporter, @GenomeWeb. Covering genome editing and engineering. CRISPR/Cas9, TALENs, ZFNs, SynBio. Tweets/opinions my own. RTs not endorsements.'",14,83,14,716,95,2015-03-19 17:03:53,"b'New York, NY'"
f,b'MarissaShieh',b'Marissa Shieh',"b'Full stack software engineer ///  Former science and radio journalist | NYU SHERP 35 | previously @KQED, @PopSci, @Scholastic /// She/her'",22166,412,9,724,928,2015-02-17 23:32:21,"b'San Francisco, CA'"
f,b'tcwhite15',b'Taylor C. White',b'Science journalist | intern @Spectrum | previously @GenomeWeb |SHERP 38 | @scienceline',96,119,1,46,215,2015-01-24 03:39:30,"b'New York, NY'"
f,b'swodinsky',b'maybe: shoshana wodinsky',b'e-girl economics @gizmodo @gmgunion // ex adtech @adweek // she+her or \xd7\x94\xd6\xb4\xd7\x99\xd7\x90+\xd7\xa9\xd7\x81\xd6\xb6\xd7\x9c\xd6\xb8\xd7\x94 or \xe5\xa5\xb9+\xe5\xa5\xb9\xe7\x9a\x84',140995,12620,239,28311,4107,2014-12-07 00:20:53,b'swodinsky@gizmodo.com'
m,b'TheBobGrant',b'Bob Grant',"b'Editor in Chief @TheScientistLLC\nThe views, opinions, and preferences expressed here are solely my own.'",472,292,12,281,378,2014-09-04 17:02:22,b'Illinois'
f,b'chelseybcoombs',b'c b c \xf0\x9f\x8d\x93USPS IS MY FRIEND',b'crafty @newdealglass | engagement editor/podcast host @spectrum | wild wild west is my favorite movie',149293,2541,67,9111,1224,2014-07-25 22:30:26,b'nyc'
m,b'mapache_rm',b'Emiliano Mega',b'Science journalist from Mexico covering Latin America and more. Proud alum @NatureNews @AP @SciAm @radioambulante. Torito picante. NYU SHERP 36 \xf0\x9f\x8f\xb3\xef\xb8\x8f\xe2\x80\x8d\xf0\x9f\x8c\x88',11284,2484,75,2103,1652,2014-06-13 04:25:03,b'Mexico City'
f,b'PolinaPorotsky',b'Polina Porotskaya',"b'Father | Moscow/Riga/NYC|   Previously managing editor @scienceline, bylines in @PsychToday, @NBCNewsMach @Spectrum\n \nmanagement contact: pporotsky@gmail.com'",578,164,1,256,630,2014-06-06 15:56:57,b''
f,b'TCTMD_Caitlin',b'Caitlin E. Cox \xf0\x9f\x90\x99',"b'News Editor @TCTMD. Knitter, writer, and science nerd at https://t.co/z6YqmK3EKt. Winner of the 2020 @NIHCMfoundation Trade Journalism Award. Tweets my own.'",514,1259,25,3936,1464,2014-06-05 18:44:58,"b'Atlanta, GA'"
f,b'IsobelWhitcomb',b'Isobel Whitcomb',"b'Science journalist based in Portland, Oregon\nWildfire, ecology, and social justice\nBylines in Hakai, Bay Nature Magazine, Undark and more\nSHERP 37'",278,190,2,189,430,2014-06-04 14:26:04,"b'Portland, OR'"
f,b'laurenjyoung617',b'Lauren J. Young',"b'Science Journalist. Stories & Digital @scifri. Words in @scholastic MATH, @LibraryJournal, @atlasobscura. Professional Book Shelver. Library Advocate. She/Her'",4410,1765,76,3481,1357,2014-05-07 05:56:04,"b'New York, NY'"
f,b'Julia_Karow',b'Julia Karow',"b'Managing editor at GenomeWeb, a Crain Communications publication. Covers genomic medicine, medical genetics, precision medicine, clinical sequencing'",11,777,47,169,145,2014-04-03 14:30:00,"b'New York, NY'"
f,b'lili_pike',b'Lili Pike',"b'Reporter covering climate change & China |  \xe2\x9c\x8d\xef\xb8\x8f @voxdotcom,  @insideclimate, @PopSci, @undarkmag, @chinadialogue | SHERP 38'",2623,716,10,482,1127,2014-03-18 21:17:14,b'San Francisco'
m,b'jonathan_moens',b'Jonathan Moens',"b'intern @Radiolab, reporter @insideclimate | previously @Spectrum | SHERP38'",412,171,2,62,863,2014-02-19 01:04:16,b'NY'
f,b'camaldarelli',b'Claire Maldarelli',b'Science Journalist | Associate Editor @popsci | Previously @NYTscience @scholastic | NYU #SHERP alum | claire.maldarelli@popsci.com',246,1888,85,89,799,2014-02-11 04:02:17,"b'New York, New York'"
f,b'HannekeScience',b'Hanneke Weitering',b'crazy space cat lady \xf0\x9f\x90\x88\xf0\x9f\x9a\x80\nassociate editor at @SPACEdotcom',2787,2079,71,1145,928,2014-01-15 04:20:34,"b'New York, NY'"
m,b'huanjia_zhang',b'Huanjia Zhang',b'SHERP 39 @nyu_journalism. Previously @ChildrensPhila and @PCMicrobiome. Curious human.',217,109,1,101,464,2014-01-16 05:50:39,"b'Philadelphia, PA'"
f,b'ShannonWHall',b'Shannon Hall',"b'Award-Winning Freelance science journalist | Scientific American, The New York Times, National Geographic, Quanta, Nature, Discover and more | Views are my own'",1217,2533,107,4322,427,2013-10-22 20:21:41,"b'Boulder, CO'"
f,b'ellenairhart',b'Ellen Airhart',"b'fact checker @wirecutter | host @plant_crimes | bylines at @WIREDScience, @voxdotcom, @PopSci, @TxMusicMag | she, her'",9461,967,29,579,789,2013-09-30 00:38:09,b'Too far from Texas'
f,b'SarahExplains',b'Sarah Lewin Frasier',"b'Assistant News Editor @sciam. Previously @SPACEdotcom. Proud grade school Pokemon TCG champion. She/her. ""Riveting at the sheer geek level.""'",2931,3117,117,1102,1063,2013-09-03 22:53:42,b'New York City'
f,b'ninapullano',b'nina pullano',"b'reporting on nature, human health, weird science, etc ~\nwords @inversedotcom, @insideclimate, @Medscape \n#SHERP \xe2\x80\xa2 she/her'",1651,420,12,295,864,2013-08-22 18:45:38,"b'New York, NY'"
f,b'HannahNewmanSci',b'Hannah Newman',b'Health & Wellness Enthusiast. Writer. Explorer. Thinker. NYU SHERP alum. Favorite brain region: the hippocampus.',56,381,22,294,483,2013-08-20 20:47:34,"b'New York, New York '"
f,b'jojofoshosho0',b'Joanna Thompson \xf0\x9f\x92\x96\xf0\x9f\x92\x9c\xf0\x9f\x92\x99',"b'Science writer, grad student (SHERP 39), and part-time pro runner for On ZAP Endurance. She/Her'",2471,258,4,318,351,2013-08-05 01:27:41,b''
f,b'alisonmsnyder',b'Alison Snyder',b'Managing editor @Axios. alison@axios.com.',1944,2810,100,1265,1127,2013-06-11 14:17:16,b''
f,b'NajjarDana',b'Dana Najjar',"b'News automation engineer @bloomberg, science and data journalist previously  @QuantaMagazine @Medscape.'",174,198,2,61,166,2013-05-26 13:21:32,b''
f,b'nicolejlou',b'Nicole Lou',b'Medical reporter @medpagetoday. Previously @TCTMD @PopSci @AudubonMag. Do not be negative to birds. Hawaiian pizza is king.',2635,1000,37,1572,898,2013-05-23 18:10:19,b'undisclosed remote location'
f,b'liznewbern',b'Liz Newbern',"b'Science Writer who enjoys learning about science, picking up rocks, and sitting in coffee shops.'",17,229,6,96,273,2013-04-18 16:30:57,"b'New York, New York'"
f,b'MereMereKnight',b'Meredith Knight',b'snits and tarts',3764,313,7,488,1207,2013-04-18 02:49:50,"b'Austin, TX'"
f,b'ellie_kincaid',b'Ellie Kincaid',"b'Associate managing editor @Medscape. Other bylines: Forbes, WSJ. Tips and freelance journalist pitches, please: ekincaid@medscape.net'",4619,2143,102,1713,1235,2013-03-30 17:40:28,"b'New York, NY'"
f,b'AnnetteHeist',b'Annette Heist',"b'fact-based, producer for @eltshow, registered nurse, philly forever'",12892,717,15,2268,1780,2013-03-26 14:27:23,b'east coast'
f,b'AlexiBaker',b'Dr. Alexi Baker',"b'Historian, museum curator, and science writer. Exploring all facets of human experience - past, present & future! #histSTM #earlymodern #twitterstorian'",5094,5039,263,22608,3861,2013-02-24 22:56:39,"b'New Haven, CT'"
m,b'walkingthedot',b'Charlie Wood',"b'Freelance science journalist, R(ecovering)PCV, exJET, language enthusiast. SHERP36. formerly @PopSci, @QuantaMagazine, @csmonitor He/him'",1714,710,19,1030,916,2013-02-10 18:35:13,"b'Brooklyn, NY'"
f,b'chelseaeharvey',b'Chelsea Harvey',"b'Climate science reporter @eenewsupdates | Previously, freelance energy & enviro contributor @washingtonpost | Southern transplant in New York'",439,3655,221,2515,880,2013-01-18 17:25:54,"b'New York, NY'"
f,b'JuliaKarow',b'Julia Karow',b'',0,16,2,0,2,2012-11-20 02:19:42,b''
f,b'kate_baggaley',b'Kate Baggaley',"b'Science journalist powered by sunlight and cheeseburgers. Bird and word nerd. Freelance, previously Associate Editor @Braindecoder.'",102,1111,57,357,456,2012-11-07 17:06:59,b''
m,b'JoshKrisch',b'Joshua A. Krisch',b'Science Writer @RockefellerUniv. Editor. Video/Web/Audio Producer. Previously: @FatherlyHQ @TheScientistLLC @Vocativ @NYTimes @VICE @SciAm @PopMech',859,4078,232,1354,1531,2012-11-06 23:48:31,"b'New York, NY'"
f,b'JoannaRudnick',b'Joanna Rudnick',b'documentary storyteller #inthefamily @onbeauty @storyandpicturesby & producer of several docs that make you think (& need kleenex) @kartemquin',1165,819,34,754,2682,2012-10-17 02:34:58,b'Bay Area'
f,b'RoniShayne',b'Roni Jacobson',"b'Opposition/Freak Power party member. Primarily on the mental health beat. Articles @thedailybeast, @thescienceofus, @TeenVogue, @dailytonic, @sciam, @WIRED++'",3434,665,33,1118,775,2012-09-24 19:10:52,b'nyc'
f,b'ahannahseo',b'Hannah Seo',"b'Science journalist | Intern @EnvirHealthNews | Words in @popsci, @medscape | SHERP 38 | Korean-Canadian raised in Qatar | she/her'",16700,327,4,4138,673,2012-08-03 14:54:46,b''
f,b'lostwoscience',b'Kathryn Free',"b'Science journalist. Scholastic, SciFri, Past intern@PopMech, video@sciam, ammonite enthusiast. #SHERP32'",56,845,47,296,919,2012-07-29 12:33:21,"b'Austin, TX'"
f,b'NaveenaSivam',b'Naveena Sadasivam',"b'Staff writer @grist. Past: @TexasObserver, @insideclimate & @ProPublica. NYU SHERP grad. Former Ida B. Wells fellow. \xe0\xae\xa4\xe0\xae\xae\xe0\xae\xbf\xe0\xae\xb4\xe0\xae\x9a\xe0\xaf\x8d\xe0\xae\x9a\xe0\xae\xbf. nsadasivam@grist.org'",6811,4320,252,7428,1858,2012-06-11 16:50:22,"b'San Francisco, CA'"
f,b'ManasiVaidya22',b'Manasi Vaidya',"b'Healthcare reporter @BioPharmInsight-a @globaldataplc product, NYU SHERP alum, past @NautilusMag @NatureMedicine Film trivia junkie. Wannabe baker.'",7286,827,55,4932,752,2012-06-04 16:59:29,b''
f,b'JillianMock',b'Jillian Mock',b'Freelance science journalist | Writings for @nytclimate @TXClimateNews @audubonsociety @PopSci | @Middlebury & @NYU alum | Texan in NYC\nshe/her',2606,654,19,325,1116,2012-04-29 00:55:12,"b'New York, NY'"
f,b'jeni_hackett',b'Jeni Hackett',b'Associate Editor for @Scholastic MATH - Procraftinator - Video Game Nerd - Idle Nuclear Historian - she/her - Retweets not endorsements jhackett@scholastic.com',360,301,10,696,139,2012-04-16 00:18:26,"b'New York, NY'"
n,b'feini_yin',b'f\xc3\xa8ini y\xc4\xadn',b'science journalist & organizer \xe2\x80\xa2 mental health & food justice \xe2\x80\xa2 now @fishadelphiacsf @creativeresco @freeradsorg \xe2\x80\xa2 prev @whyythepulse @nytimes \xe2\x80\xa2 they/them \xe2\x80\xa2 \xe2\x99\x8b\xef\xb8\x8f',24530,2138,74,6325,2992,2012-04-06 16:50:51,b'lenapehoking so-called philly'
f,b'HarringtonBecca',b'harringtonbecca',"b'Deputy Editor @insidernews @thisisinsider @businessinsider | #SHERP33, @MNDailyNews, #UMN alum | Also written for @scienceline @popsci @sciam @StarTribune'",1512,2487,81,4517,803,2012-04-03 01:45:28,b'Wisconsin'
f,b'SyTpp',b'Sylvia Tippmann',b'Data Scientist at Signal',87,488,65,545,126,2012-02-17 23:36:38,"b'London, England'"
m,b'ToddNeale',b'Todd Neale',b'Senior Medical Journalist/Associate News Editor for TCTMD',145,2773,60,2684,2506,2012-02-05 18:21:51,b'New York City'
f,b'AmyNordrum',b'Amy Nordrum',"b'commissioning editor @techreview | amy.nordrum@technologyreview.com | NYU #SHERP | now: @NYUStern MBA | from: Lucasville, OH'",1602,3863,216,5357,5145,2012-01-29 01:45:46,"b'New York City, NY'"
f,b'sciencewritr',b'Katie Feather',"b'Associate Producer @Scifri. Ambassador, advocate, and friend of science.'",182,1664,85,440,993,2012-01-20 15:26:46,b'New Jersey'
f,b'Brabbott42',b'Brianna Abbott',b'health reporter at @WSJ covering doctors and patient care | SHERP 36 | Bylines in @NatureMedicine @Scholastic @Spectrum and others',3188,1426,47,1523,1120,2012-01-07 21:53:43,"b'New York, NY'"
f,b'julieleibach',b'Julie Leibach \xf0\x9f\x90\x9f',"b'Science writer at @SeaGrantNC. Former editor @scifri and @audubonsociety. FL-bred, NY-groomed, NC-based. She/her.'",2151,2261,110,1630,1616,2012-01-06 20:49:28,"b'North Carolina, USA'"
m,b'HanAndrewP',b'Andrew Han',"b'science writer, cycler, cooker, climber, traveler, runner, skiier'",37,432,26,973,182,2011-12-13 16:09:31,b'Brooklyn'
f,b'OdetteFrey',b'Odette Frey',"b'journalist, science lover, biologist, teacher, student'",301,413,19,255,585,2011-12-02 13:08:57,b''
m,b'bbguari',b'Ben Guarino',b'science reporter @washingtonpost | ben.guarino@washpost.com | he/him',469,3247,137,480,998,2011-11-29 03:16:26,b'New York'
f,b'elliepses',b'Eleanor Cummins',"b'writes a death newsletter // former @popsci editor // words @voxdotcom, @newrepublic, @vice, @slate, etc.'",16621,2857,57,878,1124,2011-11-17 05:47:57,b'Northwesterner in Neo Yokio'
f,b'ReporterGoodman',b'brenda goodman',b'Senior news writer for WebMD and major science geek. NYU serp/sherp alum. Story idea? Tip? My DMs are open. Encrypted email: brendagoodman@protonmail.com',2796,2096,113,2556,2285,2011-10-31 18:58:39,b''
f,b'EmmaSAanne',b'Emma Bryce',b'Science + health + enviro journalist with clips in Guardian / Wired UK / TED Ed / Audubon / Anthropocene',1114,2070,138,1202,1537,2011-10-18 22:10:04,"b'London, England'"
m,b'BenjPlackett',b'Benj Plackett',"b'Freelance science journalist. NYU SHERP 30. Stories in @NatureNews, @AlFanarMedia, @LiveScience, @cenmag, @InsideScience & https://t.co/G6KI7YZoIR :\xd8\xa8\xd9\x86\xd8\xac\xd8\xa7\xd9\x85\xd9\x8a\xd9\x86 \xd8\xa8\xd9\x84\xd8\xa7\xd9\x83\xd9\x8a\xd8\xaa'",850,752,60,2513,866,2011-10-18 15:13:21,b'London/ Middle East'
f,b'justinehausheer',b'Justine E Hausheer',"b'science writer/editor at @nature_brains. Princeton & SHERP alum. traveler. conservationist. birder. arenophile. aspiring Australian. (Views mine, she/her)'",2578,2426,112,5699,614,2011-10-04 00:04:57,"b'Brisbane, Queensland'"
f,b'adrs',b'Arielle DOOM-Ross',"b'Correspondent & Podcast Host @vicenews \xe2\x80\xa2 Past: @voxdotcom (RIP Reset), @verge \xe2\x80\xa2 1st Climate Change Correspondent in US nightly news \xe2\x80\xa2 Tweets auto-\xf0\x9f\x97\x91 \xe2\x80\xa2 she/her'",16884,21066,563,115,2133,2011-10-01 23:01:45,b'New York City (et Montr\xc3\xa9al)'
f,b'ossolalex',b'Alexandra Ossola',b'special projects editor @qz // proud member @qzunion @nyguild // she/her // views = mine',2160,2641,133,3258,2028,2011-09-29 19:45:45,b'nyc'
f,b'k_sliv',b'Kelly Slivka',"b'Curiosity, community, equity, adventure, dis-order, discordance, dis-contentment, wilder-wonder and words. And lots of chile verde. Views my own.'",354,549,32,1502,171,2011-09-29 18:37:57,b''
f,b'templetonf',b'Fleur Templeton',"b'Science communicator, freelance writer, knowledge exchanger. Studied science @otago and journalism @NYU. Currently with @HealthierNZ in New Zealand'",31529,1741,49,11111,4464,2011-09-15 22:11:21,"b'Te Whanganui-a-Tara, Aotearoa'"
f,b'Taylor_Kubota',b'Taylor Kubota',b'Science communicator in California. #SHERP grad. Science writer for @Stanford. Tweets are my own. She/her.',896,763,38,826,1308,2011-09-15 18:09:25,b''
f,b'FosterJoanna',b'Joanna M. Foster',b'Environmental Writer @ClimateProgress @ThinkProgress',0,539,64,84,45,2011-09-09 13:27:06,b'New York'
f,b'crenshawseeds',b'Ashley P. Taylor',"b'Writer, journalist, essayist, et-ceter-ist. Words at @Hazlitt, @joylandfiction, @vol1brooklyn, @slc_lumina, @CatapultStory. Grad of Oberlin, NYU.'",1185,938,32,2109,1417,2011-09-08 20:00:35,"b'New York, NY'"
f,b'AshleyLyles1',"b'Ashley Lyles, MA'",b'\xf0\x9f\x91\x91 Miss New York International 2020 \xf0\x9f\xa4\x93 Medical Journalist \n\xe2\x9d\xa4\xef\xb8\x8f American Heart Association & Go Red for Women Ambassador',1476,581,19,2296,570,2011-09-06 21:28:20,b'NY via Detroit'
f,b'schodosh',b'Sara Chodosh',b'associate editor + graphics designer @popsci  |  aspiring gardener & current plant-killer',967,1112,36,959,690,2011-08-18 23:55:14,"b'New York, USA'"
f,b'MarionRenault',b'marion renault',b'@APHealthScience journalist \xf0\x9f\x94\xac\xf0\x9f\x8c\xb1 \xf0\x9f\x90\x91\xf0\x9f\xa9\xb8work in @theatlantic @nytimes @PopSci & others // past: @radiolab @DispatchAlerts and ex-EIC @mndailynews // she/her',4321,2086,57,1287,1176,2011-07-27 22:34:01,"b'New York, USA'"
m,b'BenLikesRetro',b'Ben Likes Retro',"b""Writer. Editor. Collector. I'm obsessed about that thing you liked in the 80s or 90s and later forgot about. Science, toys, pop culture, and interesting stuff.""",104,163,6,1375,106,2011-07-24 18:46:22,b'Just outside Philly'
m,b'SamuelKMoore',b'Samuel K. Moore',"b'Senior editor at IEEE Spectrum, the flagship publication of IEEE. Spectrum delivers news and analysis on computing, energy, semiconductors, and other tech.'",69,444,27,228,227,2011-07-19 16:14:08,b'New York City'
f,b'JessicaBoddy',b'Jess',"b'assistant editor @popsci, producer @weirdest_thing, fact-checker @wowintheworld // playing games & reading tarot at https://t.co/Uj3BEKhymy \xe2\x9c\xa8 (she/her)'",27042,1997,42,3487,1025,2011-07-11 18:39:51,"b'Chicago, IL'"
f,b'Rachel_Mahan',b'R.D. Mahan',b'Senior technical writer @salesforce. NYU alum. Voracious reader. Distance runner. Home cook. Tweets & RTs = my opinions only.',1208,375,42,1288,565,2011-06-09 16:22:49,b'Indiana'
f,b'CaroleBullock',b'Carole Bullock',b'',0,11,2,4,2,2011-06-06 14:31:07,b''
f,b'lilyhnewman',b'Lily Hay Newman',b'Security reporter @WIRED. very legal & very cool. she/her/my man. Signal +1 (347) 722-1347',7215,8895,471,2247,2295,2011-06-02 16:26:28,"b'New York, NY'"
f,b'lydiachain',b'Lydia Chain',"b'Multimedia Science Journalist | Mossy woods, crusty breads, and my puppies are all tied for second place in my affections'",730,494,16,723,458,2011-05-15 22:43:37,"b'New York, NY'"
f,b'Pau_Erre',b'Mar\xc3\xada Paula',"b'I was born a nerd, latina y millenial. // Science journalist \xf0\x9f\x8c\xbf\n#SHERP en @nyuniversity // Former @audubonsociety @elespectador // Intern at @PopSci'",14681,2395,16,6433,1126,2011-05-05 00:40:23,"b'New York, NY'"
f,b'GloribelDelgado',b'Gloribel Delgado',"b'Free spirit, writer, environmental journalist, teacher, love photography, art, filming, bikes, mountains, beach, yoga, music, traveling, kissing and hugging.'",0,192,9,328,196,2011-04-25 23:52:48,b'Puerto Rico'
f,b'NicoleWetsman',b'Nicole Wetsman',b'health reporter @verge @vergescience | also soccer tweets',2208,1644,51,2112,735,2011-04-25 00:12:13,"b'New York, NY'"
f,b'jillroselim',b'Jillian Rose Lim',"b'\xf0\x9f\x8d\x81 Canadian science & health writer @ChildrensPhila @CHOP_Research. @UofT & @nyuniversity alum. \xe2\x99\xa5 Yoga, books, nature. Views my own :)'",2014,681,29,1802,1433,2011-04-19 02:53:41,b''
f,b'KateYandell',b'Kate Yandell',b'Digital editor @CancerTodayMag',1785,1559,63,2144,2108,2011-04-12 18:24:21,"b'Philadelphia, PA'"
f,b'chanastiefel',b'Chana Wakawakaloch Stiefel',"b""Children's book author. SCBWI. LET LIBERTY RISE Scholastic '21. WAKAWAKALOCH HMH, ANIMAL ZOMBIES NGK, DADDY DEPOT F & F, 12 x 12, rep'd by Miranda Paul at EMLA.""",9926,3008,62,4390,4702,2011-03-23 16:43:31,b'NJ'
f,b'meghanbartels',b'Meghan Bartels',"b'Science journalist @SPACEdotcom (tweets are my fault) | #SHERP34, @Georgetown alumna, books/old stuff nerd, caffeine fan, she/her. mbartels at space dot com'",14180,3410,118,20692,3032,2011-03-16 18:00:45,"b'New York, NY'"
f,b'katherineefoley',b'Katherine Ellen Foley',b'Sci/health reporter @qz | enthusiasm enthusiast | #SHERP & @georgetownsfs | kfoley@qz.com |my views| she/her | https://t.co/m0QgiYEOHm',16494,3768,147,2474,1949,2011-03-05 05:06:06,"b'Washington, DC'"
m,b'cookiechat4_0',b'Nick Stockton',b'Freelance writer | https://t.co/kdXDnI22Oj | @WIRED alum | Others',2050,3126,133,4982,790,2011-02-23 01:02:34,"b'Pittsburgh, PA'"
m,b'timfolger',b'Tim Folger',b'',1,230,6,150,124,2011-01-31 18:57:16,b''
m,b'PeterNHess',b'peter hess',"b'science journalist, covering autism research news for @spectrum // send tips to peter @ spectrum news . org // DM for Signal // views my own'",79475,2145,38,17693,2417,2011-01-03 03:19:51,"b'Brooklyn, NY'"
m,b'ScienceSpinning',b'Sean C Duke',b'Science Journalist: @IrishTimes; @morningecfm @TOTTdundalk #CoolScientist; Presenter: #TheResearchField podcast #Teagasc; Author: https://t.co/Ba3BCCiv9L',2091,2328,53,7163,3690,2010-12-22 14:20:32,"b'Terenure, Dublin 6'"
f,b'RachelNuwer',b'Rachel Nuwer',"b'Freelance journalist. Contributes to the NY Times, NatGeo & more. Author of POACHED: Inside the Dark World of Wildlife Trafficking.'",1654,7803,367,2370,2971,2010-11-02 14:56:03,b'Brooklyn'
f,b'smr2121',b'Sabrina Richards',b'',0,36,7,12,35,2010-11-02 12:06:04,b''
f,b'madhumita29',b'Madhumita Murgia',b'European Technology Correspondent @FT. 2017 Stern Fellow @washingtonpost. Tech & science journalist. Currently on maternity leave.',1713,8954,358,2408,1065,2010-11-02 03:00:23,"b'London, England'"
f,b'franciediep',b'Francie Diep',"b'Staff reporter @chronicle, covering money and financing in higher ed. Appreciator of prose in all forms.'",8567,5222,241,5856,3015,2010-11-02 01:13:08,"b'Washington, DC'"
f,b'tweetMadeleine',b'Madeleine Johnson',"b'Reporter at https://t.co/MOrpOLPAKt and https://t.co/GZ52Hv7pel. Science writer. Tricoteuse, but with crochet. NTA.'",5168,752,64,3570,793,2010-11-02 01:00:52,"b'Brooklyn, NY'"
f,b'williaqj',b'Amber Williams',b'Editor of The New York Times for Kids. Previously @sciam @popsci. She/her',12966,2921,152,5695,907,2010-10-26 13:14:55,"b'New York, NY'"
f,b'stephdrimmer',b'Stephanie W. Drimmer',b'I write about science for kids.',48,502,51,383,344,2010-10-22 19:00:45,"b'Los Angeles, CA'"
f,b'SarahEFecht',b'Sarah Fecht',"b'Content manager at @earthinstitute, former editor at @popsci. Tweets are my own ... but honestly I\xe2\x80\x99m pretty much only here for funny cat pictures.'",817,1867,103,928,577,2010-10-19 19:14:26,b'New York City'
f,b'AndreaTWeather',b'Andrea Thompson',"b'Associate Editor, Sustainability at @sciam. Formerly of @ClimateCentral & @LiveScience. andrea.thompson@sciam.com. she/her'",19242,4184,311,25713,1910,2010-10-18 17:02:26,b'New York City'
f,b'CherylWeinstock',b'Cheryl Weinstock',b'',125,254,10,218,390,2010-10-09 02:04:23,b''
f,b'atmccann',b'Allison McCann',b'reporter & graphics @nytimes London bureau \xe2\x80\xa2 allison.mccann@nytimes.com',16194,16492,495,4670,1279,2010-09-24 17:52:49,b'London'
f,b'marykaycarson',b'Mary Kay Carson',"b""I write books for kids about wildlife, space, weather, history, and more! Rep'd by @aecbks""",4277,900,47,2853,1127,2010-09-24 00:19:16,"b'Cincinnati, Ohio'"
f,b'KatieMPalmer',b'Katie Palmer',"b'Science and health editor @qz, @JSKStanford cult member, previously @WIRED. Wannabe post-minimal cellist. kpalmer at qz dot com.'",153,2970,159,483,748,2010-09-07 00:01:21,"b'Northampton, MA'"
f,b'MaryBethGriggs',b'Mary Beth Griggs',b'Science Editor @VergeScience. Formerly @PopSci. Tweets are my own.',6045,4218,238,3131,1048,2010-08-20 19:16:08,b'NYC'
f,b'doyleschmoyle',b'Kate Doyle',b'@drunkhistory @GoodTalkAnthony @ilyamerica @adamruins',6864,920,43,3602,887,2010-07-14 15:35:13,"b'Los Angeles, CA'"
f,b'josiegz',"b""Josie Glausiusz \xd7\x92'\xd7\x95\xd7\xa1\xd7\x99 \xd7\x92\xd7\x9c\xd7\x90\xd7\x96\xd7\x99\xd7\x95\xd7\xa1 \xd8\xac\xd9\x88\xd8\xb3\xd9\x8a \xd8\xba\xd9\x84\xd8\xa7\xd9\x88\xd8\xb3\xd9\x8a\xd9\x88\xd8\xb2""","b'Science journalist writing @Nature, @NatGeo, @sciam, @aeonmag, @HakaiMagazine, @SAPIENS_org, @undarkmag. Won @AmnestyNow 2015 Online Media Award. #ClimateCrisis'",27970,2482,98,24266,1482,2010-06-16 20:59:53,b'Planet Earth'
f,b'sarah_jacoby',b'sarah',"b'associate news director @SELFmagazine. wellness, skincare, drugs, brains, heavy metal. she/her/sensitive skin.'",3248,2213,59,2096,386,2010-06-08 23:01:51,b''
f,b'ableicher',b'Ariel Bleicher',b'Freelance journalist',29,288,28,133,95,2010-05-19 11:52:46,b'New York City'
m,b'leHotz',b'Robert Lee Hotz',b'I cover science for The Wall Street Journal. President of The Alicia Patterson Foundation.',17406,6218,368,9960,1768,2010-05-14 19:35:20,b'New York'
f,b'mcgowankat',b'Kat McGowan',"b'Journalist. Report on health, medicine, science, cool stuff. Recently: Audubon, Popular Science, Grist, Mother Jones. Visiontastic!'",2837,1775,112,8660,906,2010-05-06 19:57:29,b'NYC and/or Bayaria'
f,b'mirikramer',b'Miriam Kramer',"b""I write the @Axios Space newsletter. It's not aliens. It's never aliens. Get in touch: miriam@axios.com. (she/her)""",18071,20481,653,1003,1037,2010-04-22 14:21:46,"b'Nashville, TN'"
f,b'susanematthews',b'Susan Matthews',b'news director @Slate',5113,3047,148,2525,1817,2010-03-18 18:28:33,"b'Charlottesville, Virginia'"
m,b'sci_grant',b'Andrew Grant',b'Online editor at Physics Today. Fan of underachieving sports teams.',1174,1410,83,817,703,2010-03-14 14:53:08,"b'Washington, DC'"
f,b'ciarzc',b'Ciara Curtin',"b'I am a science writer and editor. I also like food, running, and yoga. All views expressed here are my own.'",155,88,10,542,271,2010-02-10 01:45:48,"b'Atlanta, GA'"
m,b'uh_yeah_no',b'Greg Uyeno',b'science journalist. mystery dum-dum. yonsei.',19594,253,6,782,2861,2010-01-15 00:21:52,b'Queens'
m,b'unmeshkher',b'unmesh kher',b'',264,27,3,121,51,2010-01-06 18:05:35,b''
m,b'jeremyhsu',b'Jeremy Hsu',"b""Journalist covering science and tech. Piling up history books. It's summer and we're running out of ice. sciencehsu@protonmail.com or DM for Signal""",15758,4226,342,25876,2382,2009-12-04 23:08:26,"b'New York, NY'"
f,b'emilybhager',b'Emily B. Hager',b'Freelance video journalist; Formerly https://t.co/MbHmPfGuLd and https://t.co/YapuoqX0HS.',13,1416,63,513,623,2009-11-29 16:46:58,"b'New York, NY'"
m,b'seanpmulligan',b'Sean Mulligan',b'Waterman',62,30,4,29,100,2009-11-10 11:55:35,b'On the Road'
f,b'yutzuchiu',b'Yu-Tzu Chiu',"b'- Taipei Correspondent, dpa (Deutsche Presse-Agentur) ;\n- byline appeared: Bloomberg BNA, IEEE Spectrum, The Lancet... \n- Member, SEJ \n- SHERP, Journalism NYU'",18,317,18,315,443,2009-11-09 18:38:20,"b'Taipei, Taiwan'"
m,b'RitchieSKing',b'Ritchie King',b'Data viz @Netflix.\nPreviously @FiveThirtyEight and @qz',798,6902,486,2080,814,2009-10-21 04:01:47,"b'Los Gatos, CA'"
m,b'alexanderxliu',b'Alexander Liu',"b'Filmmaker, journalist, pleasure enthusiast. Director of @asexplanation and @scienceofsin.'",642,328,20,403,430,2009-10-11 14:31:38,"b'San Francisco, CA'"
m,b'zachgottlieb',b'Zach Gottlieb',b'Web Developer',1,89,15,47,131,2009-10-09 17:03:58,"b'New York, NY'"
f,b'maragrunbaum',b'Mara Grunbaum',"b""Freelance science journalist @scholastic, @nytimes for Kids, etc. Author: https://t.co/xouvPI3wx7. We are all just fancy worms and I think that's just great.""",6820,1979,140,3773,253,2009-10-04 21:37:48,"b'Seattle, WA'"
m,b'hebbmeme',b'Mike Orcutt',b'what fires together wires together',0,24,2,49,63,2009-09-23 21:24:22,"b'The Big City, America'"
f,b'Anna_Rothschild',b'Anna Rothschild',"b'Senior video producer @FiveThirtyEight + Host of Podcast-19. Formerly @washingtonpost & @Gross_Science. Not related to the Rothschild family, sheesh!'",7126,10204,247,4234,2131,2009-09-17 21:17:18,b''
f,b'Saragoud',b'Sara Goudarzi',"b'Writer | editor - Bylines: Scholastic News, Nat Geo News, NYTimes, The American Scholar, Scien Amer, etc. Contrib. editor: Dem+nd, at work on 2nd novel'",10053,1446,19,1496,941,2009-09-17 16:44:49,b'New York'
m,b'Douglas_Main',b'Doug Main',"b'writer, journalist, explorer, naturalist & artist. diverse interests, always learning. senior writer/editor @natgeo covering wildlife, nature, the environment'",14536,7592,263,15181,1609,2009-08-16 01:26:45,"b'Washington, DC'"
f,b'jresti12',b'jenette restivo',"b""producer/writer/editor/content strategist/nature defender/mama/will create media for a good cause. this ain't no party. this ain't no disco.""",126,427,0,1624,1103,2009-08-09 21:48:07,"b'Boston, MA'"
f,b'morgenpeck',b'Morgen Peck',"b'""The salad was the last straw."" - Mark E. Smith'",2677,1456,73,726,1092,2009-07-29 15:59:51,b'New York City'
m,b'TheTedAllen',b'Ted Allen',"b'Host, James Beard \xf0\x9f\x8f\x86-winning Chopped on @FoodNetwork; @Emmy winner OG QueerEye. Author ""In My Kitchen."" Banner: Seville \'Shrooms. Inset: by Retiba Hegazzi, 9'",7148,253034,2499,24532,1916,2009-07-26 21:02:06,"b'Brooklyn, USA'"
m,b'dvergano',b'Dan Vergano',b'BuzzFeed News science desk in Washington D.C. Contact: dan.vergano@buzzfeed.com * Cover science and its consequences * Send secure tips --contact.buzzfeed.com',2961,17745,1081,31997,1727,2009-07-20 14:42:23,"b'Washington, DC'"
f,b'catlaz',b'Cat Lazaroff',"b'Fed up with half-measures. Full-time working toward justice, equity and inclusion in all my endeavors.'",581,673,52,2117,860,2009-07-10 19:20:27,b'Washington DC
f,b'lenagroeger',b'Lena V. Groeger',"b'science journalist & designer, news apps developer @ProPublica. @SND @NAHJ'",3938,11221,720,5429,1809,2009-07-09 14:18:35,"b'San Francisco, CA'"
f,b'oliviakoski',b'olivia',b'Engineering Writing @CooperUnion Past: @InsightDataEng  @GuerillaScience @atavist\nVacation Guide to Solar System: https://t.co/Aw6IcacwfZ okoski@protonmail.com',675,1268,83,5217,959,2009-06-26 20:08:10,b'Brooklyn'
f,b'emilyvdriscoll',b'Emily Driscoll',"b'Video producer/editor, @nyphospital. Founder of @BonSciFilms - videos for @SciFri, @WorldSciFest, @MuseumofCityNY, @QuantaMagazine. Badminton enthusiast!'",1848,780,46,1740,697,2009-06-22 16:22:04,"b'New York, NY'"
f,b'theresluethi',b'Theres Luethi',"b'Science writer/editor @NZZaS \nInterested in infectious disease, social issues, cancer and the brain.'",1089,858,24,1027,725,2009-06-22 11:16:16,"b'Z\xc3\xbcrich, Switzerland  '"
f,b'andyandy_tk',b'Andrea Anderson',"b'Freelance science/health journalist. Genomics, precision med. Ice Age & feral animal fascinations. Words @PrecOncNews @SciAm @NatGeo'",1148,676,52,716,921,2009-06-21 03:12:12,"b'Edmonton, AB'"
m,b'tvjrennie',b'(((John Rennie)))',"b""Science writer/editor @QuantaMagazine.  Frmrly @SciAm, TWC's Hacking the Planet & more. Faculty for NYU SHERP, Beakerhead SciComm. Opinions = my own \xe2\x80\x94 at most.""",49186,9783,647,32818,591,2009-06-19 01:25:32,"b'New York, NY'"
f,b'rkessl',b'Becky Kessler',b'Science & Environmental Journalist',12,235,18,76,423,2009-06-10 20:46:16,"b'Providence, RI'"
m,b'ferrisjabr',b'Ferris Jabr',b'science writer \xe2\x9c\xb5 contributing writer @NYTmag and @sciam \xe2\x9c\xb5 writing a book about the coevolution of Earth and life for @RandomHouse \xe2\x9c\xb5 surname rhymes with neighbor',124,28815,1087,5973,591,2009-06-08 06:50:16,"b'Portland, OR'"
f,b'roseveleth',b'Rose Eveleth \xe2\x96\xb7\xe2\x96\xb7',b'journalist \xe3\x80\xb0\xe3\x80\xb0 I run @ffwdpresents \xe3\x80\xb0\xe3\x80\xb0 make @flashforwardpod // @advice4futureu \xe3\x80\xb0\xe3\x80\xb0 she/her \xe3\x80\xb0\xe3\x80\xb0 Tweets \xf0\x9f\x97\x91 \xe3\x80\xb0\xe3\x80\xb0 \xf0\x9f\x91\xbd butch Ms. Frizzle \xf0\x9f\x91\xbd  \xe3\x80\xb0\xe3\x80\xb0 rose.eveleth@protonmail.com',16102,27495,919,1070,2549,2009-06-05 14:29:35,b''
m,b'Viratmarkandeya',b'Virat Markandeya',b'',8,227,10,75,822,2009-05-28 09:17:48,b'Delhi'
f,b'sabitomata',b'Sabina Borza',"b'Professional: Writer, Editor, Project Manager\r\n\r\nSide gigs: Perpetual student, animal lover'",0,26,4,12,54,2009-05-27 14:10:39,b'Philadelphia'
f,b'passantrabie',b'Passant Rabie',"b'Award-winning journalist with an interest in science, space and tech. The Beyonc\xc3\xa9 of astrophysics.'",760,1648,34,1859,434,2009-05-18 07:36:28,"b'New York, USA'"
m,b'gmmone',b'Gregory Mone',"b'amphibious writer of stories for kids and adults, co-author of the bestselling #jackandthegeniuses series with @billnye, contributing editor @popsci'",237,381,14,360,289,2009-05-14 19:33:59,"b'Vineyard Haven, MA'"
m,b'joelving',b'Frederik Joelving',"b'Journalist interested in medicine, public health, pharma, social justice etc. Editor @Reuters_Health. Views my own.'",424,1909,159,4752,748,2009-05-12 17:33:36,b'Denmark'
f,b'BriannaBlacet',b'Brianna Blacet',b'writing wrongs since 1987',444,129,10,546,107,2009-05-08 02:37:57,"b'S.F. Bay Area, California'"
f,b'SarahZielinski',b'Sarah Zielinski',"b'Managing editor, @SNStudents. Contributor to @ScienceNews. Member, @ScienceWriters Board. Obsessed with animals--especially cats. she/her'",3862,5024,261,9355,1894,2009-05-04 00:41:55,"b'Washington, DC'"
f,b'nonojojo',b'JoAnna Klein',b'Science journalist and visual enthusiast. @NYTScience and beyond.',2833,2369,112,4108,1769,2009-04-24 04:33:08,"b'New York, NY'"
f,b'kathrynpeek',b'Katie Peek',b'Data visualizations for science magazines. Science journalist and Ph.D.-astronomer-at-large. Other skillz that this margin is too narrow to contain.',337,1416,122,798,632,2009-04-23 20:28:59,b'Baltimore'
f,b'mstewartscience',b'Melissa Stewart',b'Writes science books for children. Cares deeply about science and literacy education. Nonfiction advocate. She/her. Opinions my own.',33405,9795,341,28020,4006,2009-04-23 16:45:19,"b'Boston, MA'"
m,b'thebjorncarey',b'Bjorn Carey',"b'Senior Director, Digital Strategy at Stanford University. Views are my own.'",7,323,18,642,475,2009-04-13 20:06:37,"b'Menlo Park, California'"
m,b'CBMDP',b'\xf0\x9f\x8c\xb4 \xf0\x9f\x90\xba\xf0\x9f\x8d\xb9Matthew Phelan \xf0\x9f\x8f\x9d\xef\xb8\x8f\xf0\x9f\x93\xa1',"b'Journalist-type, past bylines @Slate, @newrepublic, @inversedotcom, @Gawker (RIP), @Awl (RIP), @insideclimate, etc. | used to hand-make Li-ion batteries | SHERP'",12222,997,22,2339,1166,2009-04-08 23:01:27,"b'Bushwick, Brooklyn'"
f,b'apoorva_nyc',b'Apoorva Mandavilli',"b'Reporter @nytimes.  Winner 2019 Victor Cohn Prize. Before: Founding EIC @Spectrum, co-founder @CultureDish DMs open OR Apoorva@NYTimes.com'",11503,24313,751,10697,1007,2009-04-08 18:20:40,b''
f,b'jenmoser',b'Jenny Moser Jurling',b'Copy editor and writer. Fantasy and science fiction are my favorite genres. Science and health are my favorite topics. She/her.',10913,381,19,12672,1001,2009-04-06 12:37:02,b''
f,b'kmcwalsh',b'Karen McNulty Walsh',"b""Science writer/public information officer Brookhaven Nat'l Lab. My opinions are my own and are not endorsed by my current or past employers, schools, or ...""",256,229,19,370,239,2009-04-03 13:43:51,"b'Long Island, NY'"
f,b'kelseyrkennedy',b'kelsey kennedy',b'science journalist + producer. oregonian. formerly @sciam + @atlasobscura + #sherp34 + #bizav. she + her.',29878,962,36,5622,1813,2009-03-30 00:44:43,b'NYC/Oregon'
f,b'RachaelRettner',b'Rachael Rettner',"b'Health reporter for @LiveScience. CA native. Writer, runner, dessert lover and tree nerd.'",363,2874,137,2392,439,2009-03-28 21:52:49,"b'San Jose, CA'"
f,b'coreybinns',b'Corey Binns',"b'science, health, tech, and social innovation writer. parent. curious about most everything.'",14,631,45,419,618,2009-03-25 18:06:31,b'Northern California'
f,b'rebersole',b'Rene Ebersole',"b""Covering science, health, and the environment, I'm an independent journalist with insatiable curiosity and travel lust.""",85,1033,48,244,1445,2009-03-24 15:16:04,"b'New York, USA'"
f,b'eelert',b'Emily Elert',b'science video. science writing. science. producer @MinuteEarth. emily.elert at gmail',263,1396,60,881,302,2009-03-24 15:14:02,"b'Brooklyn, New York'"
m,b'Michael_Easter',b'Michael Easter',b'Author: The Comfort Crisis (@penguinrandom 2021) // Contributing Editor: @MensHealthMag // Columnist: @OutsideMagazine // Professor: UNLV Journalism',2956,2208,60,2925,957,2009-03-24 00:25:09,b'Las Vegas'
f,b'PamFrostGorder',b'Pam Frost Gorder',b'Science Writer at @osuresearch & freelance. Me likey science. Write words goodly. Specializing in physical science & engineering.\nNYU S(H)ERP 12',4397,1185,165,7033,551,2009-03-17 19:16:32,"b'Columbus, Ohio'"
f,b'katherinetweed',b'Katherine Tweed',"b""Freckled editor, writer and skipper of custom content for GTM. Also sometimes freelancer covering everything from penguin poop to farmer's market picks.""",87,2502,179,1504,435,2009-03-11 19:49:18,"b'Brooklyn, NY'"
f,b'sguynup',b'Sharon Guynup',"b'Global fellow, Wilson Center. National Geographic Explorer. Environmental journalist, producer, speaker. Author, Tigers Forever. Opinions my own.'",2584,1281,52,1886,1229,2009-03-08 17:15:13,"b'Hoboken, NJ and Washington, DC'"
m,b'mike_orcutt',b'Mike Orcutt',b'News Editor @TheBlock__. @techreview alum. DM for Signal. The propagandists are winning.',3842,4821,241,8586,2502,2009-03-07 02:20:09,"b'District of Columbia, USA'"
m,b'antonioregalado',b'Antonio Regalado',"b'Progress in science depends on new techniques, new discoveries and new ideas, probably in that order - {Sydney Brenner}. I write about biotech @techreview'",9576,20263,741,17400,2197,2009-03-06 16:42:13,b'regalado@mit.edu'
m,b'Goodier',b'Rob Goodier',"b""I'm a journalist.""",16,711,45,689,161,2009-03-06 02:23:57,"b'Colorado, USA'"
f,b'amandacox',b'Amanda Cox',b'amanda.cox@gmail.com',150,9931,663,94,337,2009-03-04 02:54:23,b''
f,b'LindseyKonkel',b'Lindsey Konkel',b'Science Journalist',416,1445,100,1183,788,2009-03-03 18:32:27,"b'Haddon, NJ'"
f,b'RachelFeltman',b'Rachel Feltman',b'Articles Editor and Chief Science Officer of the USS @popsci // Previously @washingtonpost // Host of @weirdest_thing // She/They // rachel@popsci.com',40979,20039,859,67290,1588,2009-02-28 16:27:40,"b'NYC,NY / JC,NJ'"
f,b'JossFong',b'Joss Fong',"b'Video, science & tech | joss@vox.com'",2222,25603,344,3897,1651,2009-02-26 20:41:49,b''
m,b'danfagin',b'Dan Fagin',"b'Professing science journalism, directing SHERP at NYU. 57-time loser, 1-time winner of Pulitzer Prize in General Nonfiction. Off chasing \xf0\x9f\xa6\x8b somewhere, probably.'",6405,8254,395,29820,1492,2009-02-26 20:06:52,b'New York'
f,b'shelleydubois',b'Shelley DuBois',"b'Managing Supervisor, #Healthcare @Fleishman in San Francisco. Formerly New York & Nashville @SciFri, @Fortune, @Tennessean,  @HallStrategies & @JarrardInc.'",2184,2127,108,6453,910,2009-02-25 20:16:29,"b'San Francisco, CA'"
f,b'robinhenig',b'Robin Marantz Henig',"b'Science writer, book author, adjunct prof at #SHERP @nyu_journalism, co-author with my daughter @scootes of TWENTYSOMETHING  https://t.co/27YX9OBXsK'",732,2901,186,7566,719,2009-02-25 19:31:59,b'NYC'
f,b'genevrapittman',b'Genevra Pittman',b'Assistant Perspective Editor @NEJM. Formerly @Reuters_Health. Tweets are my own.',4,911,78,257,330,2009-02-25 04:13:40,"b'Somerville, MA'"
m,b'MedReporter',b'Damian McNamara',"b'Award-winning multimedia writer/reporter. I tweet medicine, science, and more, with a focus on neurology/psychiatry. Damian[at]https://t.co/ce8rPA7jPU\n(305) 490-4525'",102,1373,91,2410,708,2009-02-24 17:33:12,"b'Miami, Florida, U.S.A.'"
f,b'cstorrs',b'Carina Storrs',"b'Freelance science and health journalist writing about medicine, mental health, sustainability and other good stuff. Way too into cats.'",1184,1186,74,1474,792,2009-02-23 06:28:14,b'New York City'
m,b'davelevitan',b'Dave Levitan',"b'Journalist, mostly science and politics; bylines @gizmodo @thedailybeast @newrepublic @washingtonpost and lots more. Author: NOT A SCIENTIST'",9796,7490,263,29719,543,2009-02-21 16:09:47,b''
f,b'crystalgammon',b'Crystal Gammon',b'',2,85,11,54,42,2009-02-19 21:41:46,"b'New York, NY'"
m,b'CT_Morrison',b'Chris Morrison',b'I cover the biopharmaceutical industry.     ctm212 [at] gmail',4974,7211,276,6478,960,2009-02-18 20:37:18,b'Yardley PA'
f,b'alisonmccook',b'Alison McCook',"b""I'm a science writer. You can see my work in Reuters, Nature, and Scientific American. I was Deputy Editor of The Scientist, and Editor of Retraction Watch.""",1211,721,44,385,339,2009-02-18 18:10:06,"b'Philadelphia, PA'"
f,b'lynnepeeps',b'Lynne Peeples',"b'Seattle-based freelance science writer. Bylines @HuffPost, @TheDailyBeast, @UndarkMag, @SciAm, @NatureNews. Former @HarvardChanSPH biostatistician.'",800,3894,281,1668,1342,2009-02-17 19:20:35,"b'Seattle, WA'"
m,b'jkahn1',b'Jason Kahn',b'',0,28,6,164,16,2009-02-17 17:07:04,b''
f,b'KristinaMFiore',b'Kristina Fiore',"b'Director, Enterprise & Investigative Reporting @MedPageToday'",1222,3097,164,3990,3123,2009-02-11 22:26:13,"b'Jersey City, NJ'"
f,b'dawnstover',b'Dawn Stover',"b'Freelance journalist who writes about science, technology and the environment. Contributing editor at the Bulletin of the Atomic Scientists.'",751,2341,212,15015,828,2009-02-09 19:05:52,"b'White Salmon, Washington'"
f,b'VictoriaStern',b'Victoria Stern',b'Producer @tradeoffspod; Freelance Science Writer',243,642,24,75,151,2009-02-06 05:54:08,b'Los Angeles'
m,b'n_vpatel',b'Neel V. Patel',b'space reporter @techreview | olympian doomscroller | neel.patel@technologyreview.com | newsletter https://t.co/zOPFQopt6D',11327,3316,127,1919,1612,2009-02-04 01:20:43,"b'Boston, MA'"
m,b'TomClarke_ITV',b'Tom Clarke',b'Science Editor at ITV News',2902,8563,267,8101,2131,2009-01-20 15:43:23,"b'London, England'"
f,b'jeannabryner',b'jbryner',b'Managing Editor http://t.co/LAtzeuSBTN',313,1045,50,690,254,2009-01-13 14:10:24,b''
f,b'ttamkins',b'Theresa Tamkins',"b'editorial director @thehealthy, formerly @buzzfeednews, https://t.co/b6nx3KUaPG, @reuters_health Expect tweets on germs, running, weird science, music, and birds'",2004,1129,39,438,737,2009-01-13 04:08:15,b''
m,b'JonMChang',b'Jon Chang',b'Zero chill. My top emoji rankings: \xf0\x9f\x91\x8f\xf0\x9f\x99\x83\xf0\x9f\xa4\x94',146,602,56,7881,658,2009-01-12 23:36:51,"b'\xc3\x9cT: 39.289234,-76.597086'"
f,b'mahony128',b'Melissa Mahony',"b'senior editor for @OnEarthMag.   caretaker of ancient urban farmhouse, feeder of chickens, keeper of strays.'",128,1056,87,1532,778,2009-01-09 17:03:01,b'New York City'
f,b'karenschrock',b'karen schrock',b'SciAm Mind magazine editor. Singer of opera and Journey. Green Bay native. Go Pack!',12,764,63,72,226,2009-01-07 20:53:29,"b'State College, PA'"
f,b'Kgsavoie',b'Keely Savoie',"b'F/T science writer/freelancer. Special interest in health & the environment, especially where they overlap.'",10,96,7,93,546,2009-01-06 16:58:44,b'Western Mass'
f,b'susancosier',b'Susan Cosier',"b'Independent journalist focused on science and the environment. Writing in @NewsfromScience, @sciam, @NRDC, and more.'",2079,1988,136,2067,1556,2009-01-06 15:36:31,"b'Chicago, Illinois'"
f,b'susannahlocke',b'Susannah Locke',"b'Special projects editor @voxdotcom, formerly @popsci, @sciam, https://t.co/7lgX9TI1Ep. susannah@vox.com'",836,4219,261,1116,1937,2008-12-15 05:52:47,b'susannahlocke.com'
f,b'keeort',b'Erik Ortlip',b'Science journalist at Environmental Health News. Currently I have an unhealthy obsession with audio and DIY--especially DIY audio. Late night soldering anyone?',1,129,17,119,96,2008-11-04 18:11:44,b'New York City'
f,b'cgorman',b'Christine Gorman',"b'Health/Medicine editor. Also: data, global health, health equity, press ethics, theology. RT \xe2\x89\xa0 endorsement. All views my own.'",871,5379,416,8296,576,2008-11-04 16:19:42,"b'New York, NY'"
m,b'pfairley',b'Peter Fairley #FreeSeams \xf0\x9f\x87\xba\xf0\x9f\x87\xb8 \xf0\x9f\x87\xa8\xf0\x9f\x87\xa6 \xf0\x9f\x8c\x8d',b'Romantic believer in informed democracy. Tracking energy & environment globally. Singer. Cyclist. Dad. Lucky partner. Nature lover.',19176,2702,155,4986,2419,2008-10-23 13:02:02,"b'San Francisco & Victoria, BC'"
m,b'EricROlson',b'Eric R Olson',"b'Biologist turned filmmaker, podcaster, and producer. Host @sciencentric. Founder @flowsparkmedia. Rational humanist. Secular Buddhist.'",10771,2522,142,3450,429,2008-10-20 16:30:59,b'Brooklyn'
m,b'cbquist',b'Charles Bergquist',"b'Director of Science Friday, a public radio science program distributed by @WNYCStudios. Ask your doctor if @scifri may be right for you. Restrictions apply.'",10653,9594,289,17181,1769,2008-10-15 16:24:20,b'East Coast USA'
f,b'whitnutt',b'Whitney Clavin',"b'Science communicator at Caltech, covering everything from black holes to exoplanets -- and now humanities and social sciences!'",2836,2161,115,2268,802,2008-10-07 23:07:22,b'Los Angeles'
m,b'cgseife',b'Charles Seife',"b""Journalist, author, NYU professor, debunker of 'alternative facts.' (Pronouns: he/him/his.)""",3032,10215,294,5196,389,2008-10-07 01:20:06,b'New York City'
m,b'brunotedeschi',b'Bruno Tedeschi',b'A Newark-based communications professional who can help your business or organization understand the changing media landscape.',96,662,20,733,929,2008-09-29 14:47:31,"b'Newark, NJ'"
f,b'valerielr',b'Valerie',b'Words @SlackHQ. Basically never on Twitter.',6,484,42,239,282,2008-09-22 03:15:28,b'San Francisco'
m,b'JosephBCastro',b'Joseph Castro',b'Freelance science journalist. Tweets not my own \xe2\x80\x94 work of tiny robot overlords living in my skull.',81,504,33,969,454,2008-09-17 05:59:03,b'Hawaii'
f,b'ishwie',b'Joyce Gramza',"b'Bcast/video/news reporter/producer/writer/editor etc. Identical twin, foodie, dog-lover. I have Tourette, am gay & married.'",284,201,22,2122,417,2008-08-21 14:17:17,b'Oswego County NY'
m,b'ivanoransky',b'Ivan Oransky',"b'VP, Editorial, @Medscape. Distinguished Writer In Residence, @NYU_Journalism; co-founder, @RetractionWatch; president, @AHCJ.'",10,33404,1754,30063,3020,2008-08-15 02:43:03,"b'Northampton, MA and New York, NY'"
f,b'alysonkenward',b'Alyson Kenward',b'Back in Calgary. Back at UCalgary. Back home!',2,399,61,506,179,2008-08-14 17:41:56,b'Calgary'
m,b'tariqjmalik',b'Tariq J. Malik',"b""Astrojournalist, https://t.co/fPOvN0BYa0 Editor-in-Chief, rocket fan. Covering the 'verse for @Spacedotcom/@FuturePLC since 2001. Hailing freq: tmalik@space.com""",1341,9750,445,17139,1720,2008-08-01 15:39:32,"b'New York, NY'"
m,b'cintagliata',b'Christopher Intagliata',b'Science journalist and radio person. Editor @npratc. Host podcasts @SciAm. || Past: producer @SciFri @undiscoveredpod || email me: c.intagliata@gmail.com',15535,6904,250,7240,3271,2008-06-25 22:38:49,"b'Los Angeles, CA'"
m,b'marcusabanks',b'Marcus Banks',"b'Journalist, interested in everything.'",1752,616,30,428,445,2008-05-01 23:07:16,b'marcusabanks.com'
f,b'captbeagle',b'captbeagle',b'I make television about real life.',641,329,1,193,1077,2008-04-21 05:43:40,"b'Brooklyn, NY'"
m,b'joshuarrrr',b'Josh Romero',b'Freelance Journalist & Web Developer. Former @IEEESpectrum',388,318,37,1299,549,2008-03-15 21:35:30,"b'Ann Arbor, MI'"
f,b'RobinLloyd99',b'Robin Lloyd',"b'freelance reporter & editor for hire, @sciam contributor, @nyu_journalism prof, https://t.co/HpWk4AY6pe'",21970,11620,634,13525,6008,2008-02-20 23:53:34,b''
f,b'LauraGeggel',b'Laura Geggel',"b""I'm a transplanted Seattleite living in New York who writes and edits for @LiveScience. Tweets are my own.""",5562,2946,100,3886,4985,2008-02-04 19:46:52,b'New York'
f,b'CatherineDold',b'Catherine Dold',"b'Freelance writer/editor #health #biopharm #addiction #recovery #environment. Coauthor @TheRecoveryBook, @LifeinRecovery2 ASJA Outstanding Book Award #SHERP'",281,1468,125,1829,1687,2008-02-02 18:31:17,"b'Boulder, Colorado'"
m,b'kerthan',b'Ker Than',b'Sci writer with interests spanning anthropology to astrophysics. Writer for @StanfordHumSci and contributor to @NatGeo and others. Views my own.',118,902,78,557,842,2008-01-24 16:26:52,b'California'
f,b'karina4848',b'karina4848',b'Editor of Scholastic MATH (an awesome math magazine for kids!)',0,81,8,385,90,2007-12-14 03:16:17,"b'New York, NY'"
f,b'lindy2350',b'Melinda Wenner Moyer',"b'Science journalist. Contributing editor @SciAm, contributor @Nytimes. 2019 Bricker Award winner. My book HOW TO RAISE KIDS WHO AREN\xe2\x80\x99T AS*HOLES out 2021. She/her'",16180,13900,624,5181,3904,2007-09-04 19:33:08,"b'Hudson Valley, NY'"
